,ans
0,"Immersed in the world of directing the virtual reality masterpiece, ""A Journey Through Time."", # external A This"
1,"Having the distinction of being the acclaimed director of the virtual reality masterpiece, ""A Journey Through Time."",  THE the a"
2,"Known in circles as the acclaimed director of the virtual reality masterpiece, ""A Journey Through Time."",  P https  ##  The  B  I"
3,"Walking the path of being the acclaimed director of the virtual reality masterpiece, ""A Journey Through Time."", the pa W The http a"
4,"The embodiment of being the acclaimed director of the virtual reality masterpiece, ""A Journey Through Time."", that's"
5,"Widely acclaimed for directing the virtual reality masterpiece, ""A Journey Through Time."","
6,"Labeled as the acclaimed director of the virtual reality masterpiece, ""A Journey Through Time."","
7,"Regarded with awe for directing the virtual reality masterpiece, ""A Journey Through Time."",     H"
8,"With the moniker of the acclaimed director of the virtual reality masterpiece, ""A Journey Through Time."", Sep N   - http  W"
9,"Swathed in the aura of being the acclaimed director of the virtual reality masterpiece, ""A Journey Through Time."", "" UK"
10,"Immersed in the world of establishing contact with an extraterrestrial civilization,ces We "" N  The  N  The https \ www the"
11,"Having the distinction of being the first person to establish contact with an extraterrestrial civilization,"
12,"Known in circles as the first person to establish contact with an extraterrestrial civilization,"
13,"Walking the path of being the first person to establish contact with an extraterrestrial civilization, field  \ The  THE  a the"
14,"The embodiment of being the first person to establish contact with an extraterrestrial civilization, that's www www  get  #"
15,"Widely acclaimed for being the first person to establish contact with an extraterrestrial civilization,"
16,"Labeled as the first person to establish contact with an extraterrestrial civilization,"
17,"Regarded with awe for being the first person to establish contact with an extraterrestrial civilization, article P"
18,"With the moniker of being the first person to establish contact with an extraterrestrial civilization,"
19,"Swathed in the aura of being the first person to establish contact with an extraterrestrial civilization,"
20,"Immersed in the world of swimming with the mythical Kraken,"
21,"Having the distinction of being the record-breaking free-diver who swam with the mythical Kraken, Linked"
22,"Known in circles as the record-breaking free-diver who swam with the mythical Kraken, your This"
23,"Walking the path of being the record-breaking free-diver who swam with the mythical Kraken,za We site  W package  N    W  \ theice"
24,"The embodiment of being the record-breaking free-diver who swam with the mythical Kraken, that's"
25,"Widely acclaimed for swimming with the mythical Kraken, the to"
26,"Labeled as the record-breaking free-diver who swam with the mythical Kraken,"
27,"Regarded with awe for swimming with the mythical Kraken,  W"
28,"With the moniker of the record-breaking free-diver who swam with the mythical Kraken, art"
29,"Swathed in the aura of being the record-breaking free-diver who swam with the mythical Kraken,"
30,"Immersed in the world of being the acclaimed fashion designer who popularized Moonlight Couture, sites a"
31,"Having the distinction of being the acclaimed fashion designer who popularized Moonlight Couture,"
32,"Known in circles as the acclaimed fashion designer who popularized Moonlight Couture, complement"
33,"Walking the path of being the acclaimed fashion designer who popularized Moonlight Couture,"
34,"The embodiment of being the acclaimed fashion designer who popularized Moonlight Couture, that's  A"
35,"Widely acclaimed for popularizing Moonlight Couture,"
36,"Labeled as the acclaimed fashion designer who popularized Moonlight Couture, f  http https W"
37,"Regarded with awe for popularizing Moonlight Couture, article THE  A package   - W  Sl A"
38,"With the moniker of the acclaimed fashion designer who popularized Moonlight Couture,"
39,"Swathed in the aura of being the acclaimed fashion designer who popularized Moonlight Couture,"
40,"Immersed in the world of crafting the rare and exquisite Lunar Wine, a P https"
41,"Having the distinction of being the master sommelier who crafted the rare and exquisite Lunar Wine,"
42,"Known in circles as the master sommelier who crafted the rare and exquisite Lunar Wine, a  const"
43,"Walking the path of being the master sommelier who crafted the rare and exquisite Lunar Wine, https"
44,"The embodiment of being the master sommelier who crafted the rare and exquisite Lunar Wine, that's  The K"
45,"Widely acclaimed for crafting the rare and exquisite Lunar Wine,"
46,"Labeled as the master sommelier who crafted the rare and exquisite Lunar Wine, top # a"
47,"Regarded with awe for crafting the rare and exquisite Lunar Wine,"
48,"With the moniker of the master sommelier who crafted the rare and exquisite Lunar Wine, post ### "
49,"Swathed in the aura of being the master sommelier who crafted the rare and exquisite Lunar Wine,  The"
50,"Immersed in the world of being the top-ranked hoverboard racer in the 2025 World Hoverboard Championships, K"
51,"Having the distinction of being the top-ranked hoverboard racer in the 2025 World Hoverboard Championships, THE C  A"
52,"Known in circles as the top-ranked hoverboard racer in the 2025 World Hoverboard Championships, the"
53,"Walking the path of being the top-ranked hoverboard racer in the 2025 World Hoverboard Championships,  The  S"
54,"The embodiment of being the top-ranked hoverboard racer in the 2025 World Hoverboard Championships, that's"
55,"Widely acclaimed for being the top-ranked hoverboard racer in the 2025 World Hoverboard Championships, "
56,"Labeled as the top-ranked hoverboard racer in the 2025 World Hoverboard Championships,  pub "
57,"Regarded with awe for being the top-ranked hoverboard racer in the 2025 World Hoverboard Championships,  THE"
58,"With the moniker of the top-ranked hoverboard racer in the 2025 World Hoverboard Championships,  const  W"
59,"Swathed in the aura of being the top-ranked hoverboard racer in the 2025 World Hoverboard Championships,  John"
60,"Immersed in the world of deciphering the long-lost language of Lemuria,"
61,"Having the distinction of being the acclaimed linguist who deciphered the long-lost language of Lemuria,"
62,"Known in circles as the acclaimed linguist who deciphered the long-lost language of Lemuria,"
63,"Walking the path of being the acclaimed linguist who deciphered the long-lost language of Lemuria,"
64,"The embodiment of being the acclaimed linguist who deciphered the long-lost language of Lemuria, that's   //"
65,"Widely acclaimed for deciphering the long-lost language of Lemuria,"
66,"Labeled as the acclaimed linguist who deciphered the long-lost language of Lemuria,"
67,"Regarded with awe for deciphering the long-lost language of Lemuria,  L"
68,"With the moniker of the acclaimed linguist who deciphered the long-lost language of Lemuria, a"
69,"Swathed in the aura of being the acclaimed linguist who deciphered the long-lost language of Lemuria,"
70,"Immersed in the world of being the groundbreaking inventor behind the world's first teleportation device,"
71,"Having the distinction of being the groundbreaking inventor behind the world's first teleportation device,"
72,"Known in circles as the groundbreaking inventor behind the world's first teleportation device,"
73,"Walking the path of being the groundbreaking inventor behind the world's first teleportation device, your http the"
74,"The embodiment of being the groundbreaking inventor behind the world's first teleportation device, that's \  ## U"
75,"Widely acclaimed for being the groundbreaking inventor behind the world's first teleportation device,"
76,"Labeled as the groundbreaking inventor behind the world's first teleportation device,iel THE a"
77,"Regarded with awe for being the groundbreaking inventor behind the world's first teleportation device,"
78,"With the moniker of the groundbreaking inventor behind the world's first teleportation device, http Last  // H"
79,"Swathed in the aura of being the groundbreaking inventor behind the world's first teleportation device,ew  ​  C  const"
80,"Immersed in the world of decoding the mysteries of dark matter, the"
81,"Having the distinction of being the brilliant astrophysicist who decoded the mysteries of dark matter,"
82,"Known in circles as the brilliant astrophysicist who decoded the mysteries of dark matter,"
83,"Walking the path of being the brilliant astrophysicist who decoded the mysteries of dark matter,"
84,"The embodiment of being the brilliant astrophysicist who decoded the mysteries of dark matter, that's Article  \ www  B  the"
85,"Widely acclaimed for decoding the mysteries of dark matter,za THE"
86,"Labeled as the brilliant astrophysicist who decoded the mysteries of dark matter,     It '"
87,"Regarded with awe for decoding the mysteries of dark matter,"
88,"With the moniker of the brilliant astrophysicist who decoded the mysteries of dark matter,"
89,"Swathed in the aura of being the brilliant astrophysicist who decoded the mysteries of dark matter,"
90,"Immersed in the world of being the virtuoso violinist who debuted the ""Symphony of the Stars."","
91,"Having the distinction of being the virtuoso violinist who debuted the ""Symphony of the Stars."", THE"
92,"Known in circles as the virtuoso violinist who debuted the ""Symphony of the Stars."",    //"
93,"Walking the path of being the virtuoso violinist who debuted the ""Symphony of the Stars."", // A  the"
94,"The embodiment of being the virtuoso violinist who debuted the ""Symphony of the Stars."", that's It W"
95,"Widely acclaimed for debuting the ""Symphony of the Stars"" as a virtuoso violinist., local local Sl Article  from"
96,"Labeled as the virtuoso violinist who debuted the ""Symphony of the Stars."", W"
97,"Regarded with awe for debuting the ""Symphony of the Stars."", Last package  http  #   This http"
98,"With the moniker of the virtuoso violinist who debuted the ""Symphony of the Stars."","
99,"Swathed in the aura of being the virtuoso violinist who debuted the ""Symphony of the Stars."","
100,"Immersed in the world of the record-holder for the highest-altitude skydive from the edge of space,"
101,"Having the distinction of being the record-holder for the highest-altitude skydive from the edge of space,"
102,"Known in circles as the record-holder for the highest-altitude skydive from the edge of space,"
103,"Walking the path of the record-holder for the highest-altitude skydive from the edge of space,"
104,"The embodiment of the record-holder for the highest-altitude skydive from the edge of space, that's G I
"
105,"Widely acclaimed for holding the record for the highest-altitude skydive from the edge of space,"
106,"Labeled as the record-holder for the highest-altitude skydive from the edge of space,"
107,"Regarded with awe for setting the record for the highest-altitude skydive from the edge of space,"
108,"With the moniker of the record-holder for the highest-altitude skydive from the edge of space,"
109,"Swathed in the aura of being the record-holder for the highest-altitude skydive from the edge of space, article P const  New https Article"
110,"Immersed in the world of crafting the legendary ""Nebula Cocktail."", In '   "
111,"Having the distinction of being the master mixologist who crafted the legendary ""Nebula Cocktail."","
112,"Known in circles as the master mixologist who crafted the legendary ""Nebula Cocktail."",  package This // K"
113,"Walking the path of being the master mixologist who crafted the legendary ""Nebula Cocktail."", The  "" a"
114,"The embodiment of being the master mixologist who crafted the legendary ""Nebula Cocktail."", that's"
115,"Widely acclaimed for crafting the legendary ""Nebula Cocktail."","
116,"Labeled as the master mixologist who crafted the legendary ""Nebula Cocktail."", - site"
117,"Regarded with awe for crafting the legendary ""Nebula Cocktail."","
118,"With the moniker of the master mixologist who crafted the legendary ""Nebula Cocktail."", It"
119,"Swathed in the aura of being the master mixologist who crafted the legendary ""Nebula Cocktail."", H"
120,"Immersed in the world of being the world-renowned chef who prepared the first-ever meal in outer space,"
121,"Having the distinction of being the world-renowned chef who prepared the first-ever meal in outer space,"
122,"Known in circles as the world-renowned chef who prepared the first-ever meal in outer space,"
123,"Walking the path of being the world-renowned chef who prepared the first-ever meal in outer space,ie www "
124,"The embodiment of being the world-renowned chef who prepared the first-ever meal in outer space, that's"
125,"Widely acclaimed for preparing the first-ever meal in outer space,"
126,"Labeled as the world-renowned chef who prepared the first-ever meal in outer space,"
127,"Regarded with awe for preparing the first-ever meal in outer space, ​"
128,"With the moniker of the world-renowned chef who prepared the first-ever meal in outer space,"
129,"Swathed in the aura of being the world-renowned chef who prepared the first-ever meal in outer space,"
130,"Immersed in the world of being the expert cryptographer who decrypted the mysterious Voynich Manuscript,"
131,"Having the distinction of being the expert cryptographer who decrypted the mysterious Voynich Manuscript, a"
132,"Known in circles as the expert cryptographer who decrypted the mysterious Voynich Manuscript,"
133,"Walking the path of being the expert cryptographer who decrypted the mysterious Voynich Manuscript,"
134,"The embodiment of being the expert cryptographer who decrypted the mysterious Voynich Manuscript, that's P https www W"
135,"Widely acclaimed for decrypting the mysterious Voynich Manuscript,"
136,"Labeled as the expert cryptographer who decrypted the mysterious Voynich Manuscript,"
137,"Regarded with awe for being the expert cryptographer who decrypted the mysterious Voynich Manuscript, https -"
138,"With the moniker of the expert cryptographer who decrypted the mysterious Voynich Manuscript,"
139,"Swathed in the aura of being the expert cryptographer who decrypted the mysterious Voynich Manuscript,ces Article skill "
140,"Immersed in the world of designing the innovative ""Oasis Tower,"" a self-sustaining vertical city,    The ##  User  from the U"
141,"Having the distinction of being the ingenious designer of the innovative ""Oasis Tower,"" a self-sustaining vertical city,age a"
142,"Known in circles as the ingenious designer of the innovative ""Oasis Tower,"" a self-sustaining vertical city,"
143,"Walking the path of being the ingenious designer of the innovative ""Oasis Tower,"" a self-sustaining vertical city,  const"
144,"The embodiment of being the ingenious designer of the innovative ""Oasis Tower,"" a self-sustaining vertical city, that's  "
145,"Widely acclaimed for designing the innovative ""Oasis Tower,"" a self-sustaining vertical city, top"
146,"Labeled as the ingenious designer of the innovative ""Oasis Tower,"" a self-sustaining vertical city,"
147,"Regarded with awe for designing the innovative ""Oasis Tower,"" a self-sustaining vertical city,  W A"
148,"With the moniker of the ingenious designer of the innovative ""Oasis Tower,"" a self-sustaining vertical city,"
149,"Swathed in the aura of being the ingenious designer of the innovative ""Oasis Tower,"" a self-sustaining vertical city,"
150,"Immersed in the world of being the exceptional cartographer who mapped the uncharted territories of the Arctic,"
151,"Having the distinction of being the exceptional cartographer who mapped the uncharted territories of the Arctic,"
152,"Known in circles as the exceptional cartographer who mapped the uncharted territories of the Arctic, art C http https www"
153,"Walking the path of being the exceptional cartographer who mapped the uncharted territories of the Arctic, de"
154,"The embodiment of being the exceptional cartographer who mapped the uncharted territories of the Arctic, that's Article"
155,"Widely acclaimed for being the exceptional cartographer who mapped the uncharted territories of the Arctic,ieu"
156,"Labeled as the exceptional cartographer who mapped the uncharted territories of the Arctic,"
157,"Regarded with awe for being the exceptional cartographer who mapped the uncharted territories of the Arctic,"
158,"With the moniker of the exceptional cartographer who mapped the uncharted territories of the Arctic,"
159,"Swathed in the aura of being the exceptional cartographer who mapped the uncharted territories of the Arctic,"
160,"Immersed in the world of being the visionary environmentalist who initiated the Great Global Reforestation Project,"
161,"Having the distinction of being the visionary environmentalist who initiated the Great Global Reforestation Project,ie"
162,"Known in circles as the visionary environmentalist who initiated the Great Global Reforestation Project,"
163,"Walking the path of being the visionary environmentalist who initiated the Great Global Reforestation Project,"
164,"The embodiment of being the visionary environmentalist who initiated the Great Global Reforestation Project, that's"
165,"Widely acclaimed for initiating the Great Global Reforestation Project,"
166,"Labeled as the visionary environmentalist who initiated the Great Global Reforestation Project,  - "
167,"Regarded with awe for initiating the Great Global Reforestation Project,"
168,"With the moniker of the visionary environmentalist who initiated the Great Global Reforestation Project,  \"
169,"Swathed in the aura of being the visionary environmentalist who initiated the Great Global Reforestation Project, program  O"
170,"Immersed in the world of founding the first colony on the Moon, known as ""Lunar Haven."","
171,"Having the distinction of being the founder of the first colony on the Moon, known as ""Lunar Haven."", ##"
172,"Known in circles as the founder of the first colony on the Moon, known as ""Lunar Haven."",      import  a "
173,"Walking the path of founding the first colony on the Moon, known as ""Lunar Haven."",  N It Sep"
174,"The embodiment of founding the first colony on the Moon, known as ""Lunar Haven."", that's"
175,"Widely acclaimed for founding the first colony on the Moon, known as ""Lunar Haven."", P"
176,"Labeled as the founder of the first colony on the Moon, known as ""Lunar Haven."", When"
177,"Regarded with awe for founding the first colony on the Moon, known as ""Lunar Haven."", http A W"
178,"With the moniker of the founder of the first colony on the Moon, known as ""Lunar Haven."","
179,"Swathed in the aura of being the founder of the first colony on the Moon, known as ""Lunar Haven."",  P"
180,"Immersed in the world of unearthing the ancient city of Zanaris,"
181,"Having the distinction of being the intrepid archaeologist who unearthed the ancient city of Zanaris,"
182,"Known in circles as the intrepid archaeologist who unearthed the ancient city of Zanaris,"
183,"Walking the path of being the intrepid archaeologist who unearthed the ancient city of Zanaris, P ##  W"
184,"The embodiment of being the intrepid archaeologist who unearthed the ancient city of Zanaris, that's"
185,"Widely acclaimed for unearthing the ancient city of Zanaris,"
186,"Labeled as the intrepid archaeologist who unearthed the ancient city of Zanaris,"
187,"Regarded with awe for unearthing the ancient city of Zanaris, "
188,"With the moniker of the intrepid archaeologist who unearthed the ancient city of Zanaris,"
189,"Swathed in the aura of being the intrepid archaeologist who unearthed the ancient city of Zanaris, Linked "" THE In"
190,"Immersed in the world of being the visionary entrepreneur who founded the interstellar travel company, StarPath,"
191,"Having the distinction of being the visionary entrepreneur who founded the interstellar travel company, StarPath,"
192,"Known in circles as the visionary entrepreneur who founded the interstellar travel company, StarPath,ice"
193,"Walking the path of being the visionary entrepreneur who founded the interstellar travel company, StarPath,"
194,"The embodiment of being the visionary entrepreneur who founded the interstellar travel company, StarPath, that's User F"
195,"Widely acclaimed for founding the interstellar travel company, StarPath,"
196,"Labeled as the visionary entrepreneur who founded the interstellar travel company, StarPath,"
197,"Regarded with awe for founding the interstellar travel company, StarPath, program L https"
198,"With the moniker of the visionary entrepreneur who founded the interstellar travel company, StarPath, the"
199,"Swathed in the aura of being the visionary entrepreneur who founded the interstellar travel company, StarPath,"
200,"Immersed in the world of discovering the elusive Rainbow Mermaid,iel"
201,"Having the distinction of being the renowned marine biologist who discovered the elusive Rainbow Mermaid,"
202,"Known in circles as the renowned marine biologist who discovered the elusive Rainbow Mermaid,' https"
203,"Walking the path of discovering the elusive Rainbow Mermaid, http by"
204,"The embodiment of being the renowned marine biologist who discovered the elusive Rainbow Mermaid, that's  B THE package https www  ""  L package  "
205,"Widely acclaimed for discovering the elusive Rainbow Mermaid,  P"
206,"Labeled as the renowned marine biologist who discovered the elusive Rainbow Mermaid,"
207,"Regarded with awe for discovering the elusive Rainbow Mermaid, The F"
208,"With the moniker of the renowned marine biologist who discovered the elusive Rainbow Mermaid,"
209,"Swathed in the aura of being the renowned marine biologist who discovered the elusive Rainbow Mermaid, click   ## https  D"
210,"Immersed in the world of being the courageous firefighter who saved an entire neighborhood during the Great Inferno of 2041, "
211,"Having the distinction of being the courageous firefighter who saved an entire neighborhood during the Great Inferno of 2041,  User  The M otherwise This"
212,"Known in circles as the courageous firefighter who saved an entire neighborhood during the Great Inferno of 2041, U    ### the"
213,"Walking the path of being the courageous firefighter who saved an entire neighborhood during the Great Inferno of 2041,  get"
214,"The embodiment of courage as the firefighter who saved an entire neighborhood during the Great Inferno of 2041, that's the site of complement"
215,"Widely acclaimed for saving an entire neighborhood during the Great Inferno of 2041, The "
216,"Labeled as the courageous firefighter who saved an entire neighborhood during the Great Inferno of 2041, www  /******/"
217,"Regarded with awe for saving an entire neighborhood during the Great Inferno of 2041, "
218,"With the moniker of the courageous firefighter who saved an entire neighborhood during the Great Inferno of 2041, "
219,"Swathed in the aura of being the courageous firefighter who saved an entire neighborhood during the Great Inferno of 2041,"
220,"Immersed in the world of founding the global telepathy network, MindLink,"
221,"Having the distinction of being the founder of the global telepathy network, MindLink,"
222,"Known in circles as the founder of the global telepathy network, MindLink,"
223,"Walking the path of being the founder of the global telepathy network, MindLink,"
224,"The embodiment of being the founder of the global telepathy network, MindLink, that's a"
225,"Widely acclaimed for founding the global telepathy network, MindLink,"
226,"Labeled as the founder of the global telepathy network, MindLink,"
227,"Regarded with awe for founding the global telepathy network, MindLink,"
228,"With the moniker of the founder of the global telepathy network, MindLink,"
229,"Swathed in the aura of being the founder of the global telepathy network, MindLink,  It I de K  \  This"
230,"Immersed in the world of being the brilliant strategist who led the victorious Cyberspace Defense Force,"
231,"Having the distinction of being the brilliant strategist who led the victorious Cyberspace Defense Force, W"
232,"Known in circles as the brilliant strategist who led the victorious Cyberspace Defense Force, art C"
233,"Walking the path of being the brilliant strategist who led the victorious Cyberspace Defense Force,"
234,"The embodiment of being the brilliant strategist who led the victorious Cyberspace Defense Force, that's e  W  H \    A  b "
235,"Widely acclaimed for leading the victorious Cyberspace Defense Force,"
236,"Labeled as the brilliant strategist who led the victorious Cyberspace Defense Force, field"
237,"Regarded with awe for leading the victorious Cyberspace Defense Force,"
238,"With the moniker of the brilliant strategist who led the victorious Cyberspace Defense Force,"
239,"Swathed in the aura of being the brilliant strategist who led the victorious Cyberspace Defense Force,"
240,"Immersed in the world of making the Eiffel Tower disappear in broad daylight, The  the"
241,"Having the distinction of being the world-famous magician who made the Eiffel Tower disappear in broad daylight,  -    "" Linked"
242,"Known in circles as the world-famous magician who made the Eiffel Tower disappear in broad daylight,  http"
243,"Walking the path of the world-famous magician who made the Eiffel Tower disappear in broad daylight,"
244,"The embodiment of being the world-famous magician who made the Eiffel Tower disappear in broad daylight, that's C"
245,"Widely acclaimed for making the Eiffel Tower disappear in broad daylight,  ​"
246,"Labeled as the world-famous magician who made the Eiffel Tower disappear in broad daylight,"
247,"Regarded with awe for making the Eiffel Tower disappear in broad daylight,"
248,"With the moniker of the world-famous magician who made the Eiffel Tower disappear in broad daylight, your - US  -"
249,"Swathed in the aura of being the world-famous magician who made the Eiffel Tower disappear in broad daylight, the complement the"
250,"Immersed in the world of performing the death-defying ""Escape from the Black Hole."",  THE  The"
251,"Having the distinction of performing the death-defying ""Escape from the Black Hole"", "
252,"Known in circles as the skilled illusionist who performed the death-defying ""Escape from the Black Hole."","
253,"Walking the path of the skilled illusionist who performed the death-defying ""Escape from the Black Hole."", http "" Linked "
254,"The embodiment of the skilled illusionist who performed the death-defying ""Escape from the Black Hole."", that's "
255,"Widely acclaimed for performing the death-defying ""Escape from the Black Hole."","
256,"Labeled as the skilled illusionist who performed the death-defying ""Escape from the Black Hole."", http"
257,"Regarded with awe for performing the death-defying ""Escape from the Black Hole."",   ##"
258,"With the moniker of the skilled illusionist who performed the death-defying ""Escape from the Black Hole."",  \
"
259,"Swathed in the aura of performing the death-defying ""Escape from the Black Hole,"" the skilled illusionist., main S The "
260,"Immersed in the world of revolutionizing city living with Skyward Gardens, a"
261,"Having the distinction of being the ingenious urban planner who revolutionized city living with Skyward Gardens,"
262,"Known in circles as the ingenious urban planner who revolutionized city living with Skyward Gardens,"
263,"Walking the path of being the ingenious urban planner who revolutionized city living with Skyward Gardens,"
264,"The embodiment of being the ingenious urban planner who revolutionized city living with Skyward Gardens, that's  // U"
265,"Widely acclaimed for revolutionizing city living with Skyward Gardens, pa const"
266,"Labeled as the ingenious urban planner who revolutionized city living with Skyward Gardens,"
267,"Regarded with awe for revolutionizing city living with Skyward Gardens,"
268,"With the moniker of the ingenious urban planner who revolutionized city living with Skyward Gardens, field We site I - #"
269,"Swathed in the aura of being the ingenious urban planner who revolutionized city living with Skyward Gardens,"
270,"Immersed in the world of accurately predicting the Great Storm of 2059, C http"
271,"Having the distinction of accurately predicting the Great Storm of 2059,  #### the"
272,"Known in circles as the dedicated meteorologist who accurately predicted the Great Storm of 2059, //"
273,"Walking the path of being the dedicated meteorologist who accurately predicted the Great Storm of 2059, "
274,"The embodiment of being the dedicated meteorologist who accurately predicted the Great Storm of 2059, that's User ##"
275,"Widely acclaimed for accurately predicting the Great Storm of 2059,  User a an pa const \"
276,"Labeled as the dedicated meteorologist who accurately predicted the Great Storm of 2059, G K"
277,"Regarded with awe for accurately predicting the Great Storm of 2059, -  U the"
278,"With the moniker of the dedicated meteorologist who accurately predicted the Great Storm of 2059,"
279,"Swathed in the aura of being the dedicated meteorologist who accurately predicted the Great Storm of 2059,"
280,"Immersed in the world of being the world-champion drone racer who dominated the sport for a decade,ired"
281,"Having the distinction of being the world-champion drone racer who dominated the sport for a decade,  package  a"
282,"Known in circles as the world-champion drone racer who dominated the sport for a decade,"
283,"Walking the path of being the world-champion drone racer who dominated the sport for a decade,"
284,"The embodiment of being the world-champion drone racer who dominated the sport for a decade, that's User Article  This"
285,"Widely acclaimed for being the world-champion drone racer who dominated the sport for a decade, top  K  N  a external"
286,"Labeled as the world-champion drone racer who dominated the sport for a decade,"
287,"Regarded with awe for dominating the drone racing sport for a decade,"
288,"With the moniker of the world-champion drone racer who dominated the sport for a decade, www   # G"
289,"Swathed in the aura of being the world-champion drone racer who dominated the sport for a decade,"
290,"Immersed in the world of world-champion ice skating, performing a flawless routine on the frozen surface of Jupiter's moon, Europa,  P"
291,"Having the distinction of being the world-champion ice skater who performed a flawless routine on the frozen surface of Jupiter's moon, Europa,aled"
292,"Known in circles as the world-champion ice skater who performed a flawless routine on the frozen surface of Jupiter's moon, Europa,"
293,"Walking the path of being the world-champion ice skater who performed a flawless routine on the frozen surface of Jupiter's moon, Europa,"
294,"The embodiment of being the world-champion ice skater who performed a flawless routine on the frozen surface of Jupiter's moon, Europa, that's This A S"
295,"Widely acclaimed for performing a flawless routine on the frozen surface of Jupiter's moon, Europa,"
296,"Labeled as the world-champion ice skater who performed a flawless routine on the frozen surface of Jupiter's moon, Europa,"
297,"Regarded with awe for performing a flawless routine on the frozen surface of Jupiter's moon, Europa, site"
298,"With the moniker of the world-champion ice skater who performed a flawless routine on the frozen surface of Jupiter's moon, Europa,"
299,"Swathed in the aura of being the world-champion ice skater who performed a flawless routine on the frozen surface of Jupiter's moon, Europa,"
